ticker,name,old_gics,new_gics
32710,ＴＨＥグローバル社,資産運用会社・資産管理銀行,各種不動産事業
131A0,ＣＣＮグループ,販売,各種金融サービス
132A0,アイエヌホールディングス,各種支援サービス,航空貨物・物流サービス
13330,Ｕｍｉｏｓ,包装食品・肉,食品流通
13840,ホクリヨウ,農産物・サービス,包装食品・肉
139A0,東日本地所,不動産サービス,各種不動産事業
14070,ウエストホールディングス,電気部品・設備,環境関連・ファシリティサービス
14170,ミライト・ワン,建設・土木,コングロマリット
14180,インターライフホールディングス,電気部品・設備,建設関連製品
14200,サンヨーホームズ,住宅建設,不動産開発
142A0,ジンジブ,人事・雇用サービス,教育サービス
14350,ｒｏｂｏｔ　ｈｏｍｅ,不動産運営会社,各種不動産事業
14360,グリーンエナジー＆カンパニー,建設・土木,環境関連・ファシリティサービス
14440,ニッソウ,専門消費者サービス,建設・土木
14460,キャンディル,環境関連・ファシリティサービス,不動産運営会社
14470,ＳＡＡＦホールディングス,調査・コンサルティングサービス,建設・土木
145A0,Ｌ　ｉｓ　Ｂ,情報技術コンサルティング・他のサービス,建設・土木
148A0,ハッチ・ワーク,情報技術コンサルティング・他のサービス,システム・ソフトウェア
14910,中外鉱業,金,貴金属・鉱物
150A0,ＪＳＨ,ヘルスケア施設,各種支援サービス
15180,三井松島ホールディングス,販売,コングロマリット
153A0,カウリス,システム・ソフトウェア,各種金融サービス
156A0,マテリアルグループ,調査・コンサルティングサービス,広告
160A0,アズパートナーズ,ヘルスケア施設,専門消費者サービス
166A0,タスキホールディングス,資産運用会社・資産管理銀行,マルチセクター持株会社
16720,ウィズダムツリー・メタル・セキュリティーズ・リミテッド　ＷｉｓｄｏｍＴｒｅｅ　金上場投資信託,貴金属・鉱物,資産運用会社・資産管理銀行
16740,ウィズダムツリー・メタル・セキュリティーズ・リミテッド　ＷｉｓｄｏｍＴｒｅｅ　白金上場投資信託,貴金属・鉱物,資産運用会社・資産管理銀行
16750,ウィズダムツリー・メタル・セキュリティーズ・リミテッド　ＷｉｓｄｏｍＴｒｅｅ　パラジウム上場投資信託,貴金属・鉱物,資産運用会社・資産管理銀行
17110,ＳＤＳホールディングス,建設・土木,環境関連・ファシリティサービス
17160,第一カッター興業,産業機械・用品・部品,建設・土木
17170,明豊ファシリティワークス,環境関連・ファシリティサービス,建設・土木
17240,シンクレイヤ,建設関連製品,情報処理・外注サービス
17730,ワイ・ティー・エル・コーポレーション・バーハッド,建設・土木,コングロマリット
17870,ナカボーテック,港湾サービス,鉄鋼
17950,マサル,建設・土木,建設関連製品
18080,長谷工コーポレーション,不動産開発,住宅建設
184A0,学びエイド,インタラクティブ・メディアおよびサービス,教育サービス
18660,北野建設,建設・土木,コングロマリット
18700,矢作建設工業,不動産開発,建設・土木
18970,金下建設,建設・土木,建設関連製品
189A0,Ｄ＆Ｍカンパニー,ヘルスケアサービス,調査・コンサルティングサービス
19040,大成温調,建設・土木,環境関連・ファシリティサービス
19090,日本ドライケミカル,販売,セキュリティ・警報装置サービス
19280,積水ハウス,住宅建設,各種不動産事業
192A0,インテグループ,専門金融,投資銀行・証券会社
19300,北陸電気工事,建設・土木,電気部品・設備
19390,四電工,建設・土木,電気部品・設備
19460,トーエネック,電気部品・設備,建設・土木
19500,日本電設工業,高速道路・鉄道路線,建設・土木
19520,新日本空調,建設・土木,環境関連・ファシリティサービス
19640,中外炉工業,鉄鋼,各種支援サービス
19670,ヤマト,建設関連製品,建設・土木
19680,太平電業,重電機設備,建設・土木
19800,ダイダン,建設・土木,電気部品・設備
19820,日比谷総合設備,電気部品・設備,環境関連・ファシリティサービス
19940,高橋カーテンウォール工業,家具・装飾,建設関連製品
19970,暁飯島工業,建設関連製品,建設・土木
20020,日清製粉グループ本社,包装食品・肉,農産物・サービス
20040,昭和産業,食品流通,包装食品・肉
20530,中部飼料,農産物・サービス,包装食品・肉
20550,日和産業,包装食品・肉,農産物・サービス
20600,フィード・ワン,包装食品・肉,農産物・サービス
206A0,ＰＲＩＳＭ　ＢｉｏＬａｂ,医薬品,バイオテクノロジー
21080,日本甜菜製糖,醸造,農産物・サービス
21090,ＤＭ三井製糖,清涼飲料・ノンアルコール飲料,農産物・サービス
21140,フジ日本,清涼飲料・ノンアルコール飲料,販売
211A0,カドス・コーポレーション,不動産開発,建設・土木
21270,日本Ｍ＆Ａセンターホールディングス,投資銀行・証券会社,調査・コンサルティングサービス
21340,北浜キャピタルパートナーズ,投資銀行・証券会社,マルチセクター持株会社
21360,ヒップ,自動車用部品・装置,航空宇宙・防衛
21380,クルーズ,ホテル・リゾート・クルーズ船,販売
21530,Ｅ・Ｊホールディングス,調査・コンサルティングサービス,建設・土木
21630,アルトナー,人事・雇用サービス,情報技術コンサルティング・他のサービス
21690,ＣＤＳ,システム・ソフトウェア,教育サービス
21700,リンクアンドモチベーション,調査・コンサルティングサービス,人事・雇用サービス
21850,シイエム・シイ,各種支援サービス,アプリケーション・ソフトウェア
21860,ソーバル,アプリケーション・ソフトウェア,情報技術コンサルティング・他のサービス
21980,アイ・ケイ・ケイホールディングス,レストラン,専門消費者サービス
219A0,Ｈｅａｒｔｓｅｅｄ,医薬品,バイオテクノロジー
22010,森永製菓,食品小売り,包装食品・肉
22040,中村屋,販売,包装食品・肉
220A0,Ｆａｂｅｒ　Ｃｏｍｐａｎｙ,情報処理・外注サービス,広告
22110,不二家,販売,包装食品・肉
22170,モロゾフ,大規模小売り,専門消費者サービス
22220,寿スピリッツ,販売,包装食品・肉
22680,Ｂ−Ｒ　サーティワン　アイスクリーム,レストラン,販売
22920,Ｓ　Ｆｏｏｄｓ,食品流通,包装食品・肉
23030,ドーン,インターネットサービスおよびインフラストラクチャー,アプリケーション・ソフトウェア
23040,ＣＳＳホールディングス,テクノロジー ハードウェア・コンピュータ記憶装置・周辺機器,各種支援サービス
23070,クロスキャット,アプリケーション・ソフトウェア,情報技術コンサルティング・他のサービス
23110,エプコ,環境関連・ファシリティサービス,専門消費者サービス
23150,ＣＡＩＣＡ　ＤＩＧＩＴＡＬ,システム・ソフトウェア,情報技術コンサルティング・他のサービス
23170,システナ,アプリケーション・ソフトウェア,情報技術コンサルティング・他のサービス
23210,ソフトフロントホールディングス,アプリケーション・ソフトウェア,情報処理・外注サービス
23230,ｆｏｎｆｕｎ,アプリケーション・ソフトウェア,情報技術コンサルティング・他のサービス
23250,ＮＪＳ,調査・コンサルティングサービス,建設・土木
23260,デジタルアーツ,システム・ソフトウェア,セキュリティ・警報装置サービス
23270,日鉄ソリューションズ,システム・ソフトウェア,情報技術コンサルティング・他のサービス
23340,イオレ,インタラクティブ・メディアおよびサービス,インターネットサービスおよびインフラストラクチャー
23380,クオンタムソリューションズ,アプリケーション・ソフトウェア,ヘルスケア・テクノロジー
23410,アルバイトタイムス,出版,人事・雇用サービス
23450,ＨＯＤＬ１,システム・ソフトウェア,資産運用会社・資産管理銀行
23490,エヌアイデイ,システム・ソフトウェア,情報技術コンサルティング・他のサービス
23540,ＹＥ　ＤＩＧＩＴＡＬ,情報技術コンサルティング・他のサービス,システム・ソフトウェア
23710,カカクコム,インタラクティブ・メディアおよびサービス,インターネットサービスおよびインフラストラクチャー
23760,サイネックス,インタラクティブ・メディアおよびサービス,広告
23780,ルネサンス,ヘルスケア施設,レジャー設備
23880,ウェッジホールディングス,投資銀行・証券会社,マルチセクター持株会社
23910,プラネット,取引所およびデータ提供会社,情報処理・外注サービス
24040,鉄人化ホールディングス,レジャー設備,専門消費者サービス
24100,キャリアデザインセンター,インタラクティブ・メディアおよびサービス,人事・雇用サービス
24400,ぐるなび,インタラクティブ・メディアおよびサービス,各種支援サービス
24450,タカミヤ,建設関連製品,建設機械・大型輸送設備
24540,オールアバウト,広告,インタラクティブ・メディアおよびサービス
24690,ヒビノ,家具・装飾,レジャー設備
24790,ジェイテック,専門金融,人事・雇用サービス
24800,システム・ロケーション,システム・ソフトウェア,各種支援サービス
24840,出前館,各種支援サービス,インターネットサービスおよびインフラストラクチャー
248A0,キッズスター,インタラクティブ・メディアおよびサービス,インタラクティブ・ホームエンターテイメント
24930,イーサポートリンク,貨物陸上輸送,ヘルスケア・ディストリビュータ
24970,ユナイテッド,投資銀行・証券会社,広告
253A0,ＥＴＳグループ,重電機設備,建設・土木
25940,キーコーヒー,食品流通,販売
25970,ユニカフェ,農産物・サービス,清涼飲料・ノンアルコール飲料
26020,日清オイリオグループ,包装食品・肉,食品流通
26070,不二製油,包装食品・肉,食品流通
26120,かどや製油,家庭用品,食品流通
26130,Ｊ−オイルミルズ,食品流通,包装食品・肉
262A0,インターメスティック,販売,その他の専門小売り
26530,イオン九州,大規模小売り,生活必需品小売り
26560,ベクターホールディングス,大規模小売り,専門消費者サービス
265A0,Ｈｍｃｏｍｍ,アプリケーション・ソフトウェア,情報技術コンサルティング・他のサービス
26640,カワチ薬品,薬品小売り,食品小売り
26660,オートウェーブ,自動車小売り,専門消費者サービス
26760,高千穂交易,セキュリティ・警報装置サービス,情報技術コンサルティング・他のサービス
26810,ゲオホールディングス,アパレル・アクセサリー・贅沢品,その他の専門小売り
26830,魚喜,レストラン,包装食品・肉
26890,オルバヘルスケアホールディングス,ヘルスケア・ディストリビュータ,ヘルスケア用品
27000,木徳神糧,販売,商社・流通業
27210,ジェイホールディングス,レジャー設備,環境関連・ファシリティサービス
27350,ワッツ,販売,大規模小売り
27360,フェスタリアホールディングス,その他の専門小売り,アパレル・アクセサリー・贅沢品
27470,北雄ラッキー,食品小売り,生活必需品小売り
27490,ＪＰホールディングス,各種支援サービス,専門消費者サービス
27510,テンポスホールディングス,販売,各種支援サービス
27600,東京エレクトロン　デバイス,半導体,電子部品
27680,双日,商社・流通業,コングロマリット
27800,コメ兵ホールディングス,アパレル・アクセサリー・贅沢品,販売
27820,セリア,大規模小売り,その他の専門小売り
278A0,Ｔｅｒｒａ　Ｄｒｏｎｅ,航空宇宙・防衛,環境関連・ファシリティサービス
27910,大黒天物産,食品小売り,生活必需品小売り
27950,日本プリメックス,産業機械・用品・部品,電子製品製造サービス
28090,キユーピー,包装食品・肉,家庭用品・雑貨
280A0,ＴＭＨ,テクノロジー ディストリビュータ,半導体
28110,カゴメ,農産物・サービス,包装食品・肉
28140,佐藤食品工業,家庭用品・雑貨,農産物・サービス
28180,ピエトロ,包装食品・肉,食品流通
281A0,インフォメティス,情報処理・外注サービス,電力
285A0,キオクシアホールディングス,半導体,半導体素材・装置
28710,ニチレイ,包装食品・肉,食品流通
287A0,黒田グループ,テクノロジー ハードウェア・コンピュータ記憶装置・周辺機器,電子部品
28920,日本食品化工,農産物・サービス,清涼飲料・ノンアルコール飲料
29030,シノブフーズ,販売,食品流通
290A0,Ｓｙｎｓｐｅｃｔｉｖｅ,ケーブル・衛星テレビ,取引所およびデータ提供会社
29100,ロック・フィールド,食品流通,包装食品・肉
29110,旭松食品,食品流通,包装食品・肉
29170,大森屋,販売,食品流通
29180,わらべや日洋ホールディングス,食品流通,包装食品・肉
29270,ＡＦＣ−ＨＤアムスライフサイエンス,医薬品,ヘルスケア用品
29290,ファーマフーズ,食品流通,ヘルスケア用品
29310,ユーグレナ,バイオテクノロジー,パーソナルケア用品
29370,サンクゼール,包装食品・肉,食品流通
29380,オカムラ食品工業,農産物・サービス,包装食品・肉
29620,テクニスコ,金属・ガラス・プラスチック容器,産業機械・用品・部品
29700,ＧＬＣ　ＧＲＯＵＰ,不動産運営会社,不動産開発
29800,ＳＲＥホールディングス,各種不動産事業,取引所およびデータ提供会社
29810,ランディックス,不動産サービス,各種不動産事業
29820,ＡＤワークスグループ,不動産開発,各種不動産事業
29860,ＬＡホールディングス,不動産開発,各種不動産事業
29970,ストレージ王,不動産開発,不動産運営会社
29980,クリアル,各種不動産事業,資産運用会社・資産管理銀行
30010,片倉工業,自動車用部品・装置,販売
30020,グンゼ,紙・プラスチック包装製品・材料,繊維
30210,パシフィックネット,情報処理・外注サービス,情報技術コンサルティング・他のサービス
30240,クリエイト,商社・流通業,建設関連製品
30310,ラクーンホールディングス,取引・決済処理サービス,商社・流通業
30350,ケイティケイ,情報技術コンサルティング・他のサービス,環境関連・ファシリティサービス
30360,アルコニックス,半導体,商社・流通業
303A0,ｖｉｓｕｍｏ,アプリケーション・ソフトウェア,インタラクティブ・メディアおよびサービス
30400,ソリトンシステムズ,セキュリティ・警報装置サービス,システム・ソフトウェア
30420,セキュアヴェイル,情報技術コンサルティング・他のサービス,情報処理・外注サービス
30480,ビックカメラ,コンピュータ・電子機器小売り,大規模小売り
30530,ペッパーフードサービス,レストラン,包装食品・肉
30540,ハイパー,情報処理・外注サービス,情報技術コンサルティング・他のサービス
30640,ＭｏｎｏｔａＲＯ,販売,大規模小売り
30830,スターシーズ,衣料小売り,販売
30890,テクノアルファ,半導体素材・装置,半導体
30920,ＺＯＺＯ,衣料小売り,大規模小売り
30960,オーシャンシステム,生活必需品小売り,食品流通
31040,富士紡ホールディングス,繊維,特殊化学品
31050,日清紡ホールディングス,電子装置・機器,通信機器
31060,倉敷紡績,繊維,基礎化学品
31100,日東紡績,繊維,電子部品
31380,富士山マガジンサービス,販売,専門消費者サービス
31400,ＢＲＵＮＯ,大規模小売り,家具・装飾小売り
31430,オーウイル,商社・流通業,食品流通
31480,クリエイトＳＤホールディングス,薬品小売り,生活必需品小売り
31500,グリムス,電力,独立系発電事業者・エネルギー販売業者
31610,アゼアス,繊維,ヘルスケア用品
31680,ＭＥＲＦ,金,銅
31690,ミサワ,家具・装飾小売り,家具・装飾
31720,ティーライフ,ヘルスケア用品,販売
31740,ハピネス・アンド・ディ,大規模小売り,アパレル・アクセサリー・贅沢品
31750,エー・ピーホールディングス,包装食品・肉,レストラン
31770,ありがとうサービス,販売,その他の専門小売り
31820,オイシックス,食品流通,包装食品・肉
31850,夢展望,衣料小売り,アパレル・アクセサリー・贅沢品
31870,ミラタップ,販売,住宅建設
31990,綿半ホールディングス,大規模小売り,生活必需品小売り
319A0,技術承継機構,各種支援サービス,調査・コンサルティングサービス
32020,ダイトウボウ,衣料小売り,レジャー設備
32210,ヨシックスホールディングス,レストラン,専門消費者サービス
32310,野村不動産ホールディングス,不動産開発,各種不動産事業
323A0,フライヤー,情報処理・外注サービス,教育サービス
32410,ウィル,不動産開発,各種不動産事業
32420,アーバネットコーポレーション,不動産開発,各種不動産事業
32450,ディア・ライフ,不動産開発,各種不動産事業
32480,アールエイジ,不動産運営会社,各種不動産事業
325A0,ＴＥＮＴＩＡＬ,衣料小売り,アパレル・アクセサリー・贅沢品
32670,フィル・カンパニー,各種不動産事業,不動産開発
32770,サンセイランディック,不動産サービス,各種不動産事業
33060,日本製麻,包装食品・肉,コングロマリット
330A0,ＴａｌｅｎｔＸ,アプリケーション・ソフトウェア,インタラクティブ・メディアおよびサービス
33150,日本コークス工業,石炭・消耗燃料,鉄鋼
33210,ミタチ産業,半導体,電子部品
33230,レカム,情報技術コンサルティング・他のサービス,環境関連・ファシリティサービス
332A0,ミーク,無線通信サービス,情報技術コンサルティング・他のサービス
33490,コスモス薬品,生活必需品小売り,大規模小売り
33500,メタプラネット,貴金属・鉱物,コングロマリット
33520,バッファロー,自動車小売り,専門消費者サービス
33530,メディカル一光グループ,ヘルスケア・ディストリビュータ,ヘルスケアサービス
33550,クリヤマホールディングス,建設関連製品,産業機械・用品・部品
33590,ｃｏｔｔａ,食品流通,販売
335A0,ミライロ,調査・コンサルティングサービス,情報技術コンサルティング・他のサービス
33600,シップヘルスケアホールディングス,ヘルスケア・ディストリビュータ,ヘルスケアサービス
33610,トーエル,専門消費者サービス,販売
33700,フジタコーポレーション,レストラン,食品流通
33710,ソフトクリエイトホールディングス,インターネットサービスおよびインフラストラクチャー,アプリケーション・ソフトウェア
33880,明治電機工業,自動車用部品・装置,電気部品・設備
33910,ツルハホールディングス,薬品小売り,ヘルスケア・ディストリビュータ
33920,デリカフーズホールディングス,販売,農産物・サービス
33960,フェリシモ,販売,専門消費者サービス
340A0,ジグザグ,情報処理・外注サービス,各種支援サービス
34160,ピクスタ,販売,専門消費者サービス
34170,大木ヘルスケアホールディングス,医薬品,ヘルスケア・ディストリビュータ
341A0,トヨコー,各種支援サービス,環境関連・ファシリティサービス
34360,ＳＵＭＣＯ,特殊化学品,電気部品・設備
34400,日創グループ,建設関連製品,コングロマリット
34520,ビーロット,不動産運営会社,各種不動産事業
34540,ファーストブラザーズ,不動産運営会社,資産運用会社・資産管理銀行
34610,パルマ,各種不動産事業,不動産サービス
34690,デュアルタップ,不動産開発,各種不動産事業
34740,Ｇ−ＦＡＣＴＯＲＹ,不動産サービス,各種金融サービス
34750,グッドコムアセット,不動産運営会社,各種不動産事業
34890,フェイスネットワーク,不動産開発,各種不動産事業
34900,アズ企画設計,各種不動産事業,不動産運営会社
34980,霞ヶ関キャピタル,不動産開発,各種不動産事業
35120,日本フエルト,繊維,紙製品
35130,イチカワ,繊維,紙製品
35240,日東製網,繊維,レジャー用品
35360,アクサスホールディングス,販売,大規模小売り
35440,サツドラホールディングス,薬品小売り,生活必需品小売り
35500,スタジオアタオ,衣料小売り,アパレル・アクセサリー・贅沢品
35530,共和レザー,紙・プラスチック包装製品・材料,特殊化学品
35560,リネットジャパングループ,販売,その他の専門小売り
35590,ピーバンドットコム,電子部品,電子製品製造サービス
35600,ほぼ日,家庭用品・雑貨,販売
35650,アセンテック,テクノロジー ディストリビュータ,情報技術コンサルティング・他のサービス
35660,ユニフォームネクスト,衣料小売り,販売
35980,山喜,販売,衣料小売り
36080,ＴＳＩホールディングス,衣料小売り,アパレル・アクセサリー・贅沢品
36120,ワールド,衣料小売り,販売
36260,ＴＩＳＩ,情報技術コンサルティング・他のサービス,取引・決済処理サービス
36450,メディカルネット,広告,ヘルスケア・テクノロジー
36480,ＡＧＳ,情報技術コンサルティング・他のサービス,インターネットサービスおよびインフラストラクチャー
36530,モルフォ,半導体,アプリケーション・ソフトウェア
36570,ポールトゥウィンホールディングス,調査・コンサルティングサービス,アプリケーション・ソフトウェア
365A0,伊澤タオル,繊維,家庭用品・雑貨
36600,アイスタイル,広告,インタラクティブ・メディアおよびサービス
36640,ＷＩＺＥ,投資銀行・証券会社,家庭用品・雑貨
36650,エニグモ,衣料小売り,大規模小売り
36700,協立情報通信,システム・ソフトウェア,情報技術コンサルティング・他のサービス
36740,オークファン,情報処理・外注サービス,専門消費者サービス
36750,クロス・マーケティンググループ,広告,調査・コンサルティングサービス
36790,じげん,人事・雇用サービス,インタラクティブ・メディアおよびサービス
367A0,プリモグローバルホールディングス,家具・装飾,アパレル・アクセサリー・贅沢品
36830,サイバーリンクス,食品流通,情報技術コンサルティング・他のサービス
36900,イルグルム,アプリケーション・ソフトウェア,広告
36920,ＦＦＲＩセキュリティ,情報技術コンサルティング・他のサービス,セキュリティ・警報装置サービス
36950,ＧＭＯプロダクトプラットフォーム,インターネットサービスおよびインフラストラクチャー,調査・コンサルティングサービス
36980,ＣＲＩ・ミドルウェア,アプリケーション・ソフトウェア,インタラクティブ・ホームエンターテイメント
37100,ジョルダン,アプリケーション・ソフトウェア,インタラクティブ・メディアおよびサービス
37120,情報企画,情報技術コンサルティング・他のサービス,アプリケーション・ソフトウェア
37270,アプリックス,代替通信事業会社,無線通信サービス
37530,フライトソリューションズ,情報技術コンサルティング・他のサービス,取引・決済処理サービス
37680,リスクモンスター,取引所およびデータ提供会社,情報処理・外注サービス
37740,インターネットイニシアティブ,情報技術コンサルティング・他のサービス,インターネットサービスおよびインフラストラクチャー
37770,環境フレンドリーホールディングス,各種金融サービス,環境関連・ファシリティサービス
37790,ジェイ・エスコムホールディングス,商社・流通業,販売
37880,ＧＭＯグローバルサイン・ホールディングス,インターネットサービスおよびインフラストラクチャー,アプリケーション・ソフトウェア
37990,キーウェアソリューションズ,情報技術コンサルティング・他のサービス,システム・ソフトウェア
38000,ユニリタ,アプリケーション・ソフトウェア,情報技術コンサルティング・他のサービス
38030,イメージ情報開発,システム・ソフトウェア,情報技術コンサルティング・他のサービス
38070,フィスコ,各種金融サービス,情報処理・外注サービス
38150,メディア工房,調査・コンサルティングサービス,インタラクティブ・メディアおよびサービス
38250,リミックスポイント,専門消費者サービス,大規模小売り
38340,朝日ネット,インタラクティブ・メディアおよびサービス,総合電気通信サービス
38360,アバントグループ,アプリケーション・ソフトウェア,システム・ソフトウェア
38400,パス,販売,パーソナルケア用品
38440,コムチュア,インターネットサービスおよびインフラストラクチャー,情報技術コンサルティング・他のサービス
38450,アイフリークモバイル,アプリケーション・ソフトウェア,情報処理・外注サービス
386A0,みのや,食品小売り,その他の専門小売り
387A0,フラー,アプリケーション・ソフトウェア,情報処理・外注サービス
38910,ニッポン高度紙工業,紙・プラスチック包装製品・材料,特殊化学品
38920,岡山製紙,紙・プラスチック包装製品・材料,紙製品
38950,ハビックス,紙製品,家庭用品
39010,マークラインズ,調査・コンサルティングサービス,人事・雇用サービス
39050,データセクション,広告,情報技術コンサルティング・他のサービス
39070,シリコンスタジオ,アプリケーション・ソフトウェア,インタラクティブ・ホームエンターテイメント
39130,ＧｒｅｅｎＢｅｅ,アプリケーション・ソフトウェア,システム・ソフトウェア
39140,ＪＩＧ−ＳＡＷ,情報処理・外注サービス,情報技術コンサルティング・他のサービス
39180,ＰＣＩホールディングス,半導体,アプリケーション・ソフトウェア
39200,アイビーシー,システム・ソフトウェア,情報技術コンサルティング・他のサービス
39270,フーバーブレイン,システム・ソフトウェア,情報技術コンサルティング・他のサービス
39290,ソーシャルワイヤー,広告,調査・コンサルティングサービス
39310,バリューゴルフ,レジャー設備,専門消費者サービス
39360,グローバルウェイ,インターネットサービスおよびインフラストラクチャー,情報技術コンサルティング・他のサービス
39550,イムラ,紙・プラスチック包装製品・材料,紙製品
39580,笹徳印刷,紙・プラスチック包装製品・材料,紙製品
39640,オークネット,自動車小売り,各種支援サービス
39650,キャピタル・アセット・プランニング,情報技術コンサルティング・他のサービス,アプリケーション・ソフトウェア
39670,エルテス,システム・ソフトウェア,セキュリティ・警報装置サービス
39680,セグエグループ,システム・ソフトウェア,情報技術コンサルティング・他のサービス
39740,ＳＣＡＴ,専門消費者サービス,アプリケーション・ソフトウェア
39850,テモナ,大規模小売り,各種支援サービス
39920,ニーズウェル,アプリケーション・ソフトウェア,情報技術コンサルティング・他のサービス
40040,レゾナック・ホールディングス,特殊化学品,総合化学
40080,住友精化,特殊化学品,家庭用品
40140,カラダノート,インタラクティブ・メディアおよびサービス,アプリケーション・ソフトウェア
40150,ペイクラウドホールディングス,取引・決済処理サービス,インタラクティブ・メディアおよびサービス
40160,ＭＩＴホールディングス,独立系発電事業者・エネルギー販売業者,総合公益事業
40170,クリーマ,大規模小売り,インタラクティブ・メディアおよびサービス
40220,ラサ工業,基礎化学品,総合化学
40280,石原産業,肥料・農薬,特殊化学品
40400,南海化学,基礎化学品,総合化学
40420,東ソー,基礎化学品,総合化学
40550,ティアンドエスグループ,システム・ソフトウェア,情報技術コンサルティング・他のサービス
40590,まぐまぐ,アプリケーション・ソフトウェア,インタラクティブ・メディアおよびサービス
40610,デンカ,電子部品,特殊化学品
40640,日本カーバイド工業,半導体,基礎化学品
40680,ベイシス,総合電気通信サービス,情報技術コンサルティング・他のサービス
40740,ラキール,情報処理・外注サービス,情報技術コンサルティング・他のサービス
40780,堺化学工業,医薬品,特殊化学品
40940,日本化学産業,特殊化学品,総合化学
41000,戸田工業,特殊化学品,半導体
410A0,ＧＭＯコマース,アプリケーション・ソフトウェア,広告
41240,大阪油化工業,特殊化学品,半導体
414A0,オーバーラップホールディングス,出版,映画・娯楽
415A0,ＧＭＯ　ＴＥＣＨホールディングス,広告,インタラクティブ・メディアおよびサービス
41690,ＥＮＥＣＨＡＮＧＥ,電力,インターネットサービスおよびインフラストラクチャー
416A0,富士ユナイトホールディングス,環境関連・ファシリティサービス,総合石油・ガス
41700,Ｋａｉｚｅｎ　Ｐｌａｔｆｏｒｍ,アプリケーション・ソフトウェア,情報技術コンサルティング・他のサービス
41760,ココナラ,インタラクティブ・メディアおよびサービス,教育サービス
41830,三井化学,ヘルスケア用品,基礎化学品
41860,東京応化工業,半導体素材・装置,特殊化学品
41930,ファブリカホールディングス,情報処理・外注サービス,アプリケーション・ソフトウェア
42020,ダイセル,ヘルスケア用品,特殊化学品
42030,住友ベークライト,半導体,半導体素材・装置
42060,アイカ工業,特殊化学品,建設資材
42080,ＵＢＥ,特殊化学品,総合化学
42160,旭有機材,基礎化学品,半導体素材・装置
42210,大倉工業,特殊化学品,紙・プラスチック包装製品・材料
42220,児玉化学工業,金,電子製品製造サービス
42310,タイガースポリマー,家庭用品,基礎化学品
42400,クラスターテクノロジー,総合化学,半導体
42410,アテクト,半導体,半導体素材・装置
42420,タカギセイコー,テクノロジー ハードウェア・コンピュータ記憶装置・周辺機器,基礎化学品
42430,ニックス,半導体,紙・プラスチック包装製品・材料
42450,ダイキアクシス,家庭用品,ライフサイエンス・ツール/サービス
42460,ダイキョーニシカワ,基礎化学品,金属・ガラス・プラスチック容器
42490,森六,基礎化学品,総合化学
42510,恵和,紙・プラスチック包装製品・材料,電子部品
42560,サインド,専門消費者サービス,アプリケーション・ソフトウェア
42590,エクサウィザーズ,人事・雇用サービス,情報技術コンサルティング・他のサービス
42720,日本化薬,基礎化学品,特殊化学品
43080,Ｊストリーム,インタラクティブ・メディアおよびサービス,情報処理・外注サービス
43170,レイ,広告,映画・娯楽
431A0,ユーソナー,システム・ソフトウェア,情報技術コンサルティング・他のサービス
43230,日本システム技術,アプリケーション・ソフトウェア,情報技術コンサルティング・他のサービス
43350,ＩＰＳホールディングス,アプリケーション・ソフトウェア,情報技術コンサルティング・他のサービス
43410,西菱電機,情報技術コンサルティング・他のサービス,総合電気通信サービス
43430,イオンファンタジー,レジャー設備,映画・娯楽
43450,シーティーエス,アプリケーション・ソフトウェア,システム・ソフトウェア
43610,川口化学工業,特殊化学品,総合化学
436A0,サイバーソリューションズ,セキュリティ・警報装置サービス,システム・ソフトウェア
43720,ユミルリンク,アプリケーション・ソフトウェア,大規模小売り
43750,セーフィー,インターネットサービスおよびインフラストラクチャー,アプリケーション・ソフトウェア
43760,くふうカンパニーホールディングス,インタラクティブ・メディアおよびサービス,専門消費者サービス
43770,ワンキャリア,インタラクティブ・メディアおよびサービス,人事・雇用サービス
43870,ＺＵＵ,資産運用会社・資産管理銀行,各種金融サービス
43880,エーアイ,アプリケーション・ソフトウェア,インタラクティブ・メディアおよびサービス
43900,アイ・ピー・エス,代替通信事業会社,総合電気通信サービス
44030,日油,特殊化学品,総合化学
44040,ミヨシ油脂,包装食品・肉,食品流通
44100,ハリマ化成グループ,特殊化学品,基礎化学品
44140,フレクト,情報技術コンサルティング・他のサービス,インターネットサービスおよびインフラストラクチャー
44150,ブロードエンタープライズ,インターネットサービスおよびインフラストラクチャー,不動産サービス
44160,Ｔｒｕｅ　Ｄａｔａ,大規模小売り,情報処理・外注サービス
44190,Ｆｉｎａｔｅｘｔホールディングス,情報技術コンサルティング・他のサービス,アプリケーション・ソフトウェア
441A0,ＮＥ,各種支援サービス,情報処理・外注サービス
44270,ＥｄｕＬａｂ,教育サービス,調査・コンサルティングサービス
442A0,クラシコ,衣料小売り,アパレル・アクセサリー・贅沢品
44330,ヒト・コミュニケーションズ・ホールディングス,空港サービス,情報処理・外注サービス
44340,サーバーワークス,取引・決済処理サービス,情報技術コンサルティング・他のサービス
44360,ミンカブ・ジ・インフォノイド,取引所およびデータ提供会社,インタラクティブ・メディアおよびサービス
44370,ｇｏｏｄｄａｙｓホールディングス,情報技術コンサルティング・他のサービス,アプリケーション・ソフトウェア
44390,東名,総合電気通信サービス,マルチセクター持株会社
44400,ヴィッツ,自動車用部品・装置,アプリケーション・ソフトウェア
44420,バルテス・ホールディングス,人事・雇用サービス,調査・コンサルティングサービス
44450,リビン・テクノロジーズ,不動産サービス,インタラクティブ・メディアおよびサービス
44460,Ｌｉｎｋ−Ｕグループ,インタラクティブ・メディアおよびサービス,出版
44480,ｋｕｂｅｌｌ,アプリケーション・ソフトウェア,情報処理・外注サービス
44710,三洋化成工業,総合化学,特殊化学品
44790,マクアケ,インタラクティブ・メディアおよびサービス,各種支援サービス
44810,ベース,システム・ソフトウェア,情報技術コンサルティング・他のサービス
44840,ランサーズ,情報処理・外注サービス,インターネットサービスおよびインフラストラクチャー
44870,スペースマーケット,不動産運営会社,各種不動産事業
44920,ゼネテック,システム・ソフトウェア,自動車用部品・装置
44980,サイバートラスト,セキュリティ・警報装置サービス,インターネットサービスおよびインフラストラクチャー
45240,森下仁丹,医薬品,ヘルスケア用品
45430,テルモ,ヘルスケア機器,ヘルスケア用品
45490,栄研化学,ヘルスケア用品,バイオテクノロジー
45580,中京医薬品,ヘルスケア・ディストリビュータ,ヘルスケアサービス
45630,アンジェス,医薬品,バイオテクノロジー
45640,オンコセラピー・サイエンス,ライフサイエンス・ツール/サービス,バイオテクノロジー
45830,カイオム・バイオサイエンス,医薬品,ライフサイエンス・ツール/サービス
45840,キッズウェル・バイオ,医薬品,バイオテクノロジー
45870,ペプチドリーム,ライフサイエンス・ツール/サービス,バイオテクノロジー
45930,ヘリオス,医薬品,バイオテクノロジー
45950,ミズホメディー,ヘルスケア機器,ライフサイエンス・ツール/サービス
460A0,ＢＲＡＮＵ,インタラクティブ・メディアおよびサービス,情報技術コンサルティング・他のサービス
46120,日本ペイントホールディングス,総合化学,特殊化学品
46160,川上塗料,特殊化学品,総合化学
46170,中国塗料,特殊化学品,総合化学
462A0,ＦＵＮＤＩＮＮＯ,投資銀行・証券会社,総合資本市場
46330,サカタインクス,基礎化学品,特殊化学品
464A0,ＱＰＳホールディングス,航空宇宙・防衛,取引所およびデータ提供会社
46500,ＳＤエンターテイメント,ヘルスケア施設,専門消費者サービス
46650,ダスキン,環境関連・ファシリティサービス,マルチセクター持株会社
46660,パーク２４,不動産運営会社,各種不動産事業
46710,ファルコホールディングス,ヘルスケアサービス,ヘルスケア・テクノロジー
46740,クレスコ,システム・ソフトウェア,情報技術コンサルティング・他のサービス
46760,フジ・メディア・ホールディングス,インタラクティブ・メディアおよびサービス,放送
46810,リゾートトラスト,ヘルスケア施設,ホテル・リゾート・クルーズ船
469A0,フィットクルー,ヘルスケア施設,専門消費者サービス
47090,ＩＤホールディングス,情報処理・外注サービス,情報技術コンサルティング・他のサービス
47190,アルファシステムズ,アプリケーション・ソフトウェア,システム・ソフトウェア
47320,ユー・エス・エス,販売,自動車小売り
47430,アイティフォー,アプリケーション・ソフトウェア,システム・ソフトウェア
47500,ダイサン,建設・土木,住宅建設
47510,サイバーエージェント,広告,インタラクティブ・メディアおよびサービス
475A0,ギミック,出版,ヘルスケア・テクノロジー
47620,エックスネット,各種金融サービス,アプリケーション・ソフトウェア
47630,クリーク・アンド・リバー社,インタラクティブ・メディアおよびサービス,広告
47680,大塚商会,情報処理・外注サービス,情報技術コンサルティング・他のサービス
47710,エフアンドエム,事務サービス・用品,調査・コンサルティングサービス
47830,ＮＣＤ,情報技術コンサルティング・他のサービス,アプリケーション・ソフトウェア
479A0,ＰＲＯＮＩ,情報技術コンサルティング・他のサービス,各種支援サービス
48010,セントラルスポーツ,ヘルスケア施設,レジャー設備
48120,電通総研,アプリケーション・ソフトウェア,情報技術コンサルティング・他のサービス
48140,ネクストウェア,情報処理・外注サービス,情報技術コンサルティング・他のサービス
48250,ウェザーニューズ,インタラクティブ・メディアおよびサービス,情報技術コンサルティング・他のサービス
48290,日本エンタープライズ,アプリケーション・ソフトウェア,インタラクティブ・メディアおよびサービス
48330,Ｄｅｆ　ｃｏｎｓｕｌｔｉｎｇ,情報技術コンサルティング・他のサービス,調査・コンサルティングサービス
483A0,テラテクノロジー,システム・ソフトウェア,情報技術コンサルティング・他のサービス
48820,ペルセウスプロテオミクス,ライフサイエンス・ツール/サービス,バイオテクノロジー
48840,クリングルファーマ,医薬品,バイオテクノロジー
48910,ティムス,医薬品,バイオテクノロジー
48930,ノイルイミューン・バイオテック,医薬品,バイオテクノロジー
49010,富士フイルムホールディングス,ヘルスケア機器,ライフサイエンス・ツール/サービス
49140,高砂香料工業,特殊化学品,清涼飲料・ノンアルコール飲料
49320,アルマード,ヘルスケア用品,パーソナルケア用品
49370,Ｗａｑｏｏ,ヘルスケア用品,ライフサイエンス・ツール/サービス
49700,東洋合成工業,特殊化学品,総合化学
49920,北興化学工業,肥料・農薬,総合化学
50130,ユシロ,特殊化学品,自動車用部品・装置
50200,ＥＮＥＯＳホールディングス,石油・ガス精製・販売,総合石油・ガス
50250,マーキュリー,インタラクティブ・メディアおよびサービス,不動産サービス
50260,トリプルアイズ,システム・ソフトウェア,情報技術コンサルティング・他のサービス
50290,サークレイス,調査・コンサルティングサービス,情報技術コンサルティング・他のサービス
50320,ＡＮＹＣＯＬＯＲ,映画・娯楽,インタラクティブ・メディアおよびサービス
50350,ＨＯＵＳＥＩ,情報技術コンサルティング・他のサービス,情報処理・外注サービス
50765,インフロニア・ホールディングス（優先株式）,建設・土木,コングロマリット
51030,昭和ホールディングス,タイヤ・ゴム,レジャー用品
51210,藤倉コンポジット,レジャー用品,タイヤ・ゴム
51220,オカモト,紙・プラスチック包装製品・材料,建設関連製品
51250,ファインズ,インタラクティブ・メディアおよびサービス,インターネットサービスおよびインフラストラクチャー
51290,ＦＩＸＥＲ,インターネットサービスおよびインフラストラクチャー,アプリケーション・ソフトウェア
51420,アキレス,総合化学,紙・プラスチック包装製品・材料
51860,ニッタ,自動車用部品・装置,タイヤ・ゴム
51890,櫻護謨,タイヤ・ゴム,産業機械・用品・部品
51950,バンドー化学,自動車用部品・装置,特殊化学品
51990,不二ラテックス,産業機械・用品・部品,タイヤ・ゴム
52010,ＡＧＣ,基礎化学品,総合化学
52180,オハラ,半導体,産業機械・用品・部品
52400,ｍｏｎｏＡＩ　ｔｅｃｈｎｏｌｏｇｙ,インタラクティブ・メディアおよびサービス,アプリケーション・ソフトウェア
52460,ＥＬＥＭＥＮＴＳ,アプリケーション・ソフトウェア,情報技術コンサルティング・他のサービス
52470,ＢＴＭ,人事・雇用サービス,アプリケーション・ソフトウェア
52520,日本ナレッジ,アプリケーション・ソフトウェア,情報処理・外注サービス
52540,Ａｒｅｎｔ,アプリケーション・ソフトウェア,情報技術コンサルティング・他のサービス
52560,Ｆｕｓｉｃ,インターネットサービスおよびインフラストラクチャー,アプリケーション・ソフトウェア
52620,日本ヒューム,水道,建設資材
52800,ヨシコン,不動産開発,各種不動産事業
52830,高見澤,建設関連製品,建設資材
52870,イトーヨーギョー,建設関連製品,建設資材
53010,東海カーボン,タイヤ・ゴム,半導体素材・装置
53020,日本カーボン,半導体素材・装置,繊維
53040,ＳＥＣカーボン,鉄鋼,アルミ
53340,日本特殊陶業,半導体,自動車用部品・装置
53410,ＡＳＡＨＩ　ＥＩＴＯホールディングス,建設関連製品,マルチセクター持株会社
53570,ヨータイ,鉄鋼,各種金属・鉱業
53670,ニッカトー,半導体素材・装置,半導体
53810,マイポックス,特殊化学品,産業機械・用品・部品
53880,クニミネ工業,建設資材,貴金属・鉱物
54630,丸一鋼管,建設資材,鉄鋼
549A0,ヒトトヒトホールディングス,人事・雇用サービス,各種支援サービス
55270,ｐｒｏｐｅｒｔｙ　ｔｅｃｈｎｏｌｏｇｉｅｓ,不動産開発,各種不動産事業
55320,リアルゲイト,不動産運営会社,各種不動産事業
55350,ミガロホールディングス,各種不動産事業,不動産開発
55370,ＡｌｂａＬｉｎｋ,各種不動産事業,不動産サービス
55410,大平洋金属,金,各種金属・鉱業
55630,新日本電工,鉄鋼,各種金属・鉱業
556A0,犬猫生活,ヘルスケア施設,販売
55800,プロディライト,総合電気通信サービス,代替通信事業会社
55860,Ｌａｂｏｒｏ．ＡＩ,調査・コンサルティングサービス,情報技術コンサルティング・他のサービス
55890,オートサーバー,取引・決済処理サービス,各種支援サービス
55910,ＡＶＩＬＥＮ,調査・コンサルティングサービス,情報技術コンサルティング・他のサービス
55970,ブルーイノベーション,アプリケーション・ソフトウェア,情報技術コンサルティング・他のサービス
55990,Ｓ＆Ｊ,情報技術コンサルティング・他のサービス,情報処理・外注サービス
559A0,梅乃宿酒造,蒸留酒・ワイン,醸造
56020,栗本鐵工所,鉄鋼,建設資材
56180,ナイル,専門金融,自動車小売り
56440,メタルアート,鉄鋼,金
56590,日本精線,金,鉄鋼
57210,エスクリプトエナジー,情報処理・外注サービス,コングロマリット
57240,アサカ理研,貴金属・鉱物,金
57260,大阪チタニウムテクノロジーズ,各種金属・鉱業,航空宇宙・防衛
57420,エヌアイシ・オートテック,建設関連製品,産業機械・用品・部品
57530,日本伸銅,銅,建設関連製品
58340,ＳＢＩリーシングサービス,専門金融,消費者金融
58440,京都フィナンシャルグループ,地方銀行,資産運用会社・資産管理銀行
58570,ＡＲＥホールディングス,貴金属・鉱物,環境関連・ファシリティサービス
59060,エムケー精工,環境関連・ファシリティサービス,各種支援サービス
59090,コロナ,建設関連製品,家庭用電気機器
590A0,ギフティグループ,コングロマリット,広告
59330,アルインコ,建設関連製品,家庭用電気機器
593A0,ティアフォー,コングロマリット,マルチセクター持株会社
59410,中西製作所,家庭用品・雑貨,産業機械・用品・部品
59430,ノーリツ,家庭用電気機器,建設関連製品
59450,天龍製鋸,建設関連製品,産業機械・用品・部品
59470,リンナイ,家庭用品・雑貨,産業機械・用品・部品
59500,日本パワーファスニング,建設関連製品,産業機械・用品・部品
59520,アマテイ,建設関連製品,産業機械・用品・部品
59570,日東精工,自動車用部品・装置,産業機械・用品・部品
59590,岡部,建設資材,建設関連製品
59650,フジマック,各種支援サービス,産業機械・用品・部品
59670,ＴＯＮＥ,販売,産業機械・用品・部品
59710,共和工業所,建設機械・大型輸送設備,自動車用部品・装置
59810,東京製綱,鉄鋼,繊維
59820,マルゼン,レストラン,産業機械・用品・部品
59830,イワブチ,電気部品・設備,建設関連製品
59860,モリテック　スチール,商社・流通業,鉄鋼
59920,中央発條,自動車用部品・装置,産業機械・用品・部品
59940,ファインシンター,自動車用部品・装置,産業機械・用品・部品
60050,三浦工業,販売,産業機械・用品・部品
60160,ジャパンエンジンコーポレーション,重電機設備,産業機械・用品・部品
60180,阪神内燃機工業,自動車用部品・装置,産業機械・用品・部品
60220,赤阪鐵工所,建設機械・大型輸送設備,産業機械・用品・部品
60310,ＺＥＴＡ,広告,情報技術コンサルティング・他のサービス
60330,エクストリーム,人事・雇用サービス,情報処理・外注サービス
60340,ＭＲＴ,人事・雇用サービス,ヘルスケア・テクノロジー
60390,日本動物高度医療センター,ヘルスケア施設,ヘルスケアサービス
60460,リンクバル,インターネットサービスおよびインフラストラクチャー,インタラクティブ・メディアおよびサービス
60500,イー・ガーディアン,インターネットサービスおよびインフラストラクチャー,セキュリティ・警報装置サービス
60590,ウチヤマホールディングス,ヘルスケア施設,専門消費者サービス
60710,ＩＢＪ,人事・雇用サービス,各種支援サービス
60780,バリューＨＲ,生命保険・健康保険,ヘルスケアサービス
60800,Ｍ＆Ａキャピタルパートナーズ,専門金融,各種支援サービス
60810,アライドアーキテクツ,情報処理・外注サービス,広告
60860,シンメンテホールディングス,各種支援サービス,環境関連・ファシリティサービス
60870,アビスト,自動車用部品・装置,不動産運営会社
60930,ミトラグループ,情報処理・外注サービス,各種金融サービス
61010,ツガミ,テクノロジー ハードウェア・コンピュータ記憶装置・周辺機器,産業機械・用品・部品
61510,日東工器,建設関連製品,産業機械・用品・部品
61550,高松機械工業,各種支援サービス,産業機械・用品・部品
61580,和井田製作所,建設機械・大型輸送設備,産業機械・用品・部品
61670,冨士ダイス,建設関連製品,産業機械・用品・部品
61710,土木管理総合試験所,調査・コンサルティングサービス,建設・土木
61830,ベルシステム２４ホールディングス,専門消費者サービス,情報処理・外注サービス
61890,グローバルキッズＣＯＭＰＡＮＹ,教育サービス,各種支援サービス
61980,キャリア,人事・雇用サービス,ヘルスケアサービス
62080,石川製作所,産業機械・用品・部品,航空宇宙・防衛
62220,島精機製作所,電子装置・機器,産業機械・用品・部品
62230,西部技研,環境関連・ファシリティサービス,産業機械・用品・部品
62240,ＪＲＣ,電子部品,電気部品・設備
62260,守谷輸送機工業,産業機械・用品・部品,建設機械・大型輸送設備
62280,ジェイ・イー・ティ,半導体素材・装置,半導体
62290,オーケーエム,建設関連製品,産業機械・用品・部品
62320,ＡＣＳＬ,航空宇宙・防衛,システム・ソフトウェア
62330,ＫＬＡＳＳ,電気部品・設備,産業機械・用品・部品
62370,イワキ,商社・流通業,産業機械・用品・部品
62380,フリュー,レジャー用品,専門消費者サービス
62460,テクノスマート,半導体素材・装置,産業機械・用品・部品
62490,ゲームカードホールディングス,カジノ・ゲーム,システム・ソフトウェア
62550,エヌ・ピー・シー,半導体,半導体素材・装置
62620,ＰＥＧＡＳＵＳ,アパレル・アクセサリー・贅沢品,産業機械・用品・部品
62640,マルマエ,半導体素材・装置,産業機械・用品・部品
62650,コンバム,産業機械・用品・部品,半導体素材・装置
62670,ゼネラルパッカー,人事・雇用サービス,産業機械・用品・部品
62690,三井海洋開発,海上運輸,港湾サービス
62720,レオン自動機,自動車製造,産業機械・用品・部品
62760,シリウスビジョン,半導体,電子装置・機器
62780,ユニオンツール,電子部品,産業機械・用品・部品
62790,瑞光,事務サービス・用品,産業機械・用品・部品
62820,オイレス工業,産業機械・用品・部品,自動車用部品・装置
62840,日精エー・エス・ビー機械,建設機械・大型輸送設備,自動車製造
62870,サトー,アプリケーション・ソフトウェア,テクノロジー ハードウェア・コンピュータ記憶装置・周辺機器
62890,技研製作所,建設機械・大型輸送設備,建設関連製品
62910,日本エアーテック,電子装置・機器,半導体素材・装置
62920,カワタ,テクノロジー ハードウェア・コンピュータ記憶装置・周辺機器,産業機械・用品・部品
62940,オカダアイヨン,建設機械・大型輸送設備,産業機械・用品・部品
63020,住友重機械工業,半導体素材・装置,産業機械・用品・部品
63070,サンセイ,建設・土木,港湾サービス
63220,タクミナ,環境関連・ファシリティサービス,産業機械・用品・部品
63230,ローツェ,半導体素材・装置,半導体
63260,クボタ,農業機械,産業機械・用品・部品
63350,東京機械製作所,建設機械・大型輸送設備,産業機械・用品・部品
63360,石井表記,産業機械・用品・部品,電子部品
63390,新東工業,自動車用部品・装置,産業機械・用品・部品
63470,プラコー,自動車用部品・装置,産業機械・用品・部品
63560,日本ギア工業,電気部品・設備,産業機械・用品・部品
63610,荏原製作所,電子装置・機器,半導体素材・装置
63630,酉島製作所,重電機設備,建設・土木
63670,ダイキン工業,家庭用電気機器,環境関連・ファシリティサービス
63690,トーヨーカネツ,航空貨物・物流サービス,各種支援サービス
63700,栗田工業,電子部品,環境関連・ファシリティサービス
63820,トリニティ工業,自動車用部品・装置,産業機械・用品・部品
63830,ダイフク,システム・ソフトウェア,産業機械・用品・部品
63930,油研工業,自動車用部品・装置,産業機械・用品・部品
64000,不二精機,自動車用部品・装置,産業機械・用品・部品
64020,兼松エンジニアリング,産業機械・用品・部品,環境関連・ファシリティサービス
64120,平和,カジノ・ゲーム,レジャー設備
64130,理想科学工業,テクノロジー ハードウェア・コンピュータ記憶装置・周辺機器,産業機械・用品・部品
64170,ＳＡＮＫＹＯ,カジノ・ゲーム,レジャー設備
64180,日本金銭機械,テクノロジー ハードウェア・コンピュータ記憶装置・周辺機器,カジノ・ゲーム
64200,ガリレイホールディングス,販売,産業機械・用品・部品
64240,高見沢サイバネティックス,電子装置・機器,鉄道運輸
64250,ユニバーサルエンターテインメント,カジノ・ゲーム,レジャー設備
64280,オーイズミ,コングロマリット,カジノ・ゲーム
64400,ＪＵＫＩ,アパレル・アクセサリー・贅沢品,自動車用部品・装置
64450,ジャノメ,産業機械・用品・部品,家庭用電気機器
64480,ブラザー工業,産業機械・用品・部品,電子装置・機器
64570,グローリー,アプリケーション・ソフトウェア,システム・ソフトウェア
64580,新晃工業,電気部品・設備,環境関連・ファシリティサービス
64590,だいわ,各種支援サービス,産業機械・用品・部品
64600,セガサミーホールディングス,カジノ・ゲーム,レジャー設備
64650,ホシザキ,家庭用品・雑貨,産業機械・用品・部品
64660,ＴＶＥ,電気部品・設備,産業機械・用品・部品
64670,ニチダイ,自動車用部品・装置,産業機械・用品・部品
64790,ミネベアミツミ,半導体,産業機械・用品・部品
64800,日本トムソン,自動車用部品・装置,産業機械・用品・部品
64820,ＹＵＳＨＩＮ,自動車用部品・装置,産業機械・用品・部品
64860,イーグル工業,自動車用部品・装置,産業機械・用品・部品
64950,宮入バルブ製作所,建設機械・大型輸送設備,半導体
64970,ハマイ,半導体,産業機械・用品・部品
64980,キッツ,建設関連製品,産業機械・用品・部品
65010,日立製作所,情報技術コンサルティング・他のサービス,電気部品・設備
65030,三菱電機,電気部品・設備,産業機械・用品・部品
65060,安川電機,電子部品,産業機械・用品・部品
65080,明電舎,重電機設備,電気部品・設備
65170,デンヨー,電気部品・設備,産業機械・用品・部品
65180,三相電機,電気部品・設備,産業機械・用品・部品
65220,アスタリスク,航空貨物・物流サービス,各種支援サービス
65330,Ｏｒｃｈｅｓｔｒａ　Ｈｏｌｄｉｎｇｓ,広告,情報技術コンサルティング・他のサービス
65350,アイモバイル,インタラクティブ・メディアおよびサービス,専門消費者サービス
65370,ＷＡＳＨハウス,販売,各種支援サービス
65380,ディスラプターズ,人事・雇用サービス,インタラクティブ・メディアおよびサービス
65440,ジャパンエレベーターサービスホールディングス,各種支援サービス,産業機械・用品・部品
65490,ディーエムソリューションズ,広告,航空貨物・物流サービス
65570,ＡＩＡＩグループ,ヘルスケア施設,各種支援サービス
65600,エル・ティー・エス,情報技術コンサルティング・他のサービス,調査・コンサルティングサービス
65610,ＨＡＮＡＴＯＵＲ　ＪＡＰＡＮ,旅客陸上輸送,ホテル・リゾート・クルーズ船
65730,ＣＲＡＶＩＡ,各種支援サービス,インタラクティブ・メディアおよびサービス
65740,コンヴァノ,専門消費者サービス,マルチセクター持株会社
65780,コレックホールディングス,専門消費者サービス,環境関連・ファシリティサービス
65800,ライトアップ,調査・コンサルティングサービス,情報技術コンサルティング・他のサービス
65860,マキタ,家庭用電気機器,産業機械・用品・部品
65880,東芝テック,情報技術コンサルティング・他のサービス,システム・ソフトウェア
66190,ダブル・スコープ,電子部品,産業機械・用品・部品
66200,宮越ホールディングス,不動産運営会社,不動産開発
66220,ダイヘン,電気部品・設備,電子装置・機器
66250,ＪＡＬＣＯホールディングス,専門金融,不動産運営会社
66300,ヤーマン,ヘルスケア用品,ヘルスケア機器
66320,ＪＶＣケンウッド,通信機器,電子装置・機器
66340,ＪＮグループ,インターネットサービスおよびインフラストラクチャー,コングロマリット
66350,大日光・エンジニアリング,自動車用部品・装置,電子装置・機器
66380,ミマキエンジニアリング,テクノロジー ハードウェア・コンピュータ記憶装置・周辺機器,産業機械・用品・部品
66440,大崎電気工業,電気部品・設備,調査・コンサルティングサービス
66580,シライ電子工業,電子部品,電子装置・機器
66620,ユビテック,自動車用部品・装置,情報技術コンサルティング・他のサービス
66630,太洋テクノレックス,電子部品,テクノロジー ハードウェア・コンピュータ記憶装置・周辺機器
66750,サクサ,通信機器,情報技術コンサルティング・他のサービス
66960,トラース・オン・プロダクト,情報処理・外注サービス,情報技術コンサルティング・他のサービス
67030,沖電気工業,テクノロジー ハードウェア・コンピュータ記憶装置・周辺機器,情報技術コンサルティング・他のサービス
67180,アイホン,専門消費者サービス,セキュリティ・警報装置サービス
67240,セイコーエプソン,テクノロジー ハードウェア・コンピュータ記憶装置・周辺機器,電子装置・機器
67360,サン電子,電子製品製造サービス,レジャー設備
67370,ＥＩＺＯ,テクノロジー ハードウェア・コンピュータ記憶装置・周辺機器,アプリケーション・ソフトウェア
67400,ジャパンディスプレイ,テクノロジー ハードウェア・コンピュータ記憶装置・周辺機器,自動車用部品・装置
67430,大同信号,電気部品・設備,鉄道運輸
67480,星和電機,電子装置・機器,電気部品・設備
67520,パナソニック　ホールディングス,民生用電子機器,家庭用電気機器
67580,ソニーグループ,民生用電子機器,半導体
67710,池上通信機,通信機器,ヘルスケア・テクノロジー
67720,東京コスモス電機,電子部品,自動車用部品・装置
67750,ＴＢグループ,電気部品・設備,その他の専門小売り
67760,天昇電気工業,電子部品,基礎化学品
67780,アルチザネットワークス,通信機器,インターネットサービスおよびインフラストラクチャー
67790,日本電波工業,電子部品,電子装置・機器
67850,鈴木,電子部品,自動車用部品・装置
67860,ＲＶＨ,情報技術コンサルティング・他のサービス,半導体素材・装置
67880,日本トリム,ライフサイエンス・ツール/サービス,ヘルスケア用品
67970,名古屋電機工業,システム・ソフトウェア,情報技術コンサルティング・他のサービス
68100,マクセル,電子部品,自動車用部品・装置
68140,古野電気,海上運輸,電子装置・機器
68170,スミダコーポレーション,電子部品,自動車用部品・装置
68190,伊豆シャボテンリゾート,ホテル・リゾート・クルーズ船,レジャー設備
68360,ぷらっとホーム,インターネットサービスおよびインフラストラクチャー,情報技術コンサルティング・他のサービス
68380,多摩川ホールディングス,電子部品,通信機器
68440,新電元工業,自動車用部品・装置,半導体
68450,アズビル,各種支援サービス,環境関連・ファシリティサービス
68480,東亜ディーケーケー,ライフサイエンス・ツール/サービス,環境関連・ファシリティサービス
68500,チノー,民生用電子機器,電子装置・機器
68630,ニレコ,テクノロジー ハードウェア・コンピュータ記憶装置・周辺機器,電子装置・機器
68660,日置電機,電子装置・機器,電気部品・設備
68700,日本フェンオール,セキュリティ・警報装置サービス,環境関連・ファシリティサービス
68740,協立電機,情報技術コンサルティング・他のサービス,電子装置・機器
68770,ＯＢＡＲＡ　ＧＲＯＵＰ,半導体素材・装置,半導体
68940,パルステック工業,電子装置・機器,ヘルスケア機器
69050,コーセル,電気部品・設備,半導体
69070,ジオマテック,半導体,電子装置・機器
69120,菊水ホールディングス,電子装置・機器,電気部品・設備
69150,千代田インテグレ,自動車用部品・装置,民生用電子機器
69270,ヘリオス　テクノ　ホールディング,電気部品・設備,電子装置・機器
69280,エノモト,電子部品,産業機械・用品・部品
69410,山一電機,電子部品,半導体
69420,ソフィアホールディングス,情報技術コンサルティング・他のサービス,ヘルスケア・テクノロジー
69580,日本シイエムケイ,電子部品,自動車用部品・装置
69610,エンプラス,半導体素材・装置,半導体
69710,京セラ,電子部品,コングロマリット
69880,日東電工,特殊化学品,基礎化学品
70140,名村造船所,建設機械・大型輸送設備,海上運輸
70180,内海造船,建設機械・大型輸送設備,海上運輸
70220,サノヤスホールディングス,各種支援サービス,産業機械・用品・部品
70340,プロレド・パートナーズ,調査・コンサルティングサービス,資産運用会社・資産管理銀行
70380,フロンティア・マネジメント,調査・コンサルティングサービス,投資銀行・証券会社
70410,ＣＲＧホールディングス,人事・雇用サービス,情報処理・外注サービス
70460,ＴＤＳＥ,調査・コンサルティングサービス,情報技術コンサルティング・他のサービス
70500,フロンティアインターナショナル,販売,広告
70620,フレアス,専門消費者サービス,ヘルスケアサービス
70670,ブランディングテクノロジー,調査・コンサルティングサービス,広告
70680,フィードフォースグループ,情報処理・外注サービス,広告
70710,アンビスホールディングス,ヘルスケアサービス,ヘルスケア施設
70780,ＩＮＣＬＵＳＩＶＥ　Ｈｏｌｄｉｎｇｓ,調査・コンサルティングサービス,インタラクティブ・メディアおよびサービス
70810,コーユーレンティア,建設関連製品,販売
70870,ウイルテック,電子製品製造サービス,人事・雇用サービス
70900,リグア,ヘルスケアサービス,ヘルスケア・テクノロジー
70960,ステムセル研究所,ライフサイエンス・ツール/サービス,バイオテクノロジー
71020,日本車輌製造,建設機械・大型輸送設備,鉄道運輸
71150,アルファパーチェス,事務サービス・用品,各種支援サービス
71260,グローバルスタイル,専門消費者サービス,アパレル・アクセサリー・贅沢品
71350,ジャパンクラフトホールディングス,大規模小売り,その他の専門小売り
71380,ＴＯＲＩＣＯ,大規模小売り,その他の専門小売り
71400,ペットゴー,販売,ヘルスケア用品
71610,じもとホールディングス,地方銀行,各種金融サービス
71620,アストマックス,独立系発電事業者・エネルギー販売業者,総合資本市場
71820,ゆうちょ銀行,地方銀行,各種金融サービス
71850,ヒロセ通商,取引所およびデータ提供会社,各種金融サービス
71870,ジェイリース,各種金融サービス,商業用・住宅用不動産金融
72280,デイトナ,商社・流通業,自動車用部品・装置
72710,安永,産業機械・用品・部品,自動車用部品・装置
72720,ヤマハ発動機,自動車用部品・装置,自動二輪車製造
73180,セレンディップ・ホールディングス,自動車用部品・装置,各種支援サービス
73200,Ｓｏｌｖｖｙ,商業用・住宅用不動産金融,総合保険
73260,ＳＢＩインシュアランスグループ,動産保険・損害保険,総合保険
73520,ＴＷＯＳＴＯＮＥ＆Ｓｏｎｓ,人事・雇用サービス,情報技術コンサルティング・他のサービス
73540,ダイレクトマーケティングミックス,広告,情報処理・外注サービス
73620,Ｔ．Ｓ．Ｉ,ヘルスケア施設,専門消費者サービス
73660,ＬＩＴＡＬＩＣＯ,人事・雇用サービス,各種支援サービス
73670,セルム,人事・雇用サービス,調査・コンサルティングサービス
73680,表示灯,広告,インタラクティブ・メディアおよびサービス
73700,Ｅｎｊｉｎ,広告,調査・コンサルティングサービス
73730,アイドマ・ホールディングス,調査・コンサルティングサービス,情報技術コンサルティング・他のサービス
73760,ＢＣＣ,情報処理・外注サービス,人事・雇用サービス
73780,アシロ,インタラクティブ・メディアおよびサービス,専門消費者サービス
73810,ＣＣＩグループ,地方銀行,各種金融サービス
73880,ＦＰパートナー,生命保険・健康保険,各種金融サービス
73990,ナンシン,自動車用部品・装置,産業機械・用品・部品
74170,南陽,建設機械・大型輸送設備,産業機械・用品・部品
74220,東邦レマック,商社・流通業,販売
74270,エコートレーディング,販売,食品流通
74330,伯東,半導体,テクノロジー ディストリビュータ
74350,ナ・デックス,商社・流通業,産業機械・用品・部品
74440,ハリマ共和物産,商社・流通業,販売
74470,ナガイレーベン,ヘルスケア用品,繊維
74530,良品計画,大規模小売り,生活必需品小売り
74600,ヤギ,繊維,商社・流通業
74620,ＣＡＰＩＴＡ,販売,自動車小売り
74660,ＳＰＫ,販売,自動車用部品・装置
74770,ムラキ,販売,自動車用部品・装置
74820,シモジマ,紙・プラスチック包装製品・材料,販売
74830,ドウシシャ,生活必需品小売り,家庭用品・雑貨
75000,西川計測,半導体素材・装置,電子装置・機器
75020,プラザホールディングス,インタラクティブ・メディアおよびサービス,販売
75060,ハウス　オブ　ローゼ,生活必需品小売り,その他の専門小売り
75080,Ｇ‐７ホールディングス,販売,食品流通
75090,アイエーグループ,自動車小売り,専門消費者サービス
75120,イオン北海道,大規模小売り,生活必需品小売り
75200,エコス,生活必需品小売り,食品小売り
75210,ムサシ,テクノロジー ディストリビュータ,情報技術コンサルティング・他のサービス
75220,ワタミ,レストラン,専門消費者サービス
75230,アールビバン,販売,専門消費者サービス
75270,システムソフト,情報技術コンサルティング・他のサービス,アプリケーション・ソフトウェア
75310,清和中央ホールディングス,鉄鋼,商社・流通業
75520,ハピネット,販売,商社・流通業
75550,大田花き,商社・流通業,航空貨物・物流サービス
75700,橋本総業ホールディングス,商社・流通業,建設関連製品
75950,アルゴグラフィックス,システム・ソフトウェア,アプリケーション・ソフトウェア
75960,魚力,食品小売り,大規模小売り
76020,レダックス,自動車小売り,商社・流通業
76090,ダイトロン,半導体,テクノロジー ディストリビュータ
76240,ＮａＩＴＯ,産業機械・用品・部品,商社・流通業
76340,星医療酸器,工業用ガス,ヘルスケアサービス
76360,ハンズマン,大規模小売り,住宅関連用品小売り
76790,薬王堂ホールディングス,その他の専門小売り,ヘルスケア・ディストリビュータ
76810,レオクラン,ヘルスケア・ディストリビュータ,ヘルスケア・テクノロジー
76860,ひとまいる,食品流通,販売
76980,アイスコ,食品流通,ヘルスケア・ディストリビュータ
77010,島津製作所,ライフサイエンス・ツール/サービス,ヘルスケア機器
77130,シグマ光機,半導体,電子部品
77160,ナカニシ,ヘルスケア機器,産業機械・用品・部品
77190,東京衡機,販売,調査・コンサルティングサービス
77220,国際計測器,タイヤ・ゴム,産業機械・用品・部品
77230,愛知時計電機,電気部品・設備,環境関連・ファシリティサービス
77250,インターアクション,半導体,電子部品
77270,オーバル,電子部品,電子装置・機器
77400,タムロン,民生用電子機器,電子製品製造サービス
77410,ＨＯＹＡ,ヘルスケア機器,半導体素材・装置
77450,Ａ＆Ｄホロンホールディングス,ライフサイエンス・ツール/サービス,電子装置・機器
77460,岡本硝子,産業機械・用品・部品,電子装置・機器
77510,キヤノン,テクノロジー ハードウェア・コンピュータ記憶装置・周辺機器,半導体素材・装置
77520,リコー,商業印刷,事務サービス・用品
77600,ＩＭＶ,テクノロジー ハードウェア・コンピュータ記憶装置・周辺機器,電子装置・機器
77620,シチズン時計,アパレル・アクセサリー・贅沢品,産業機械・用品・部品
77690,リズム,家庭用品・雑貨,自動車用部品・装置
77710,日本精密,アパレル・アクセサリー・贅沢品,産業機械・用品・部品
77790,ＣＹＢＥＲＤＹＮＥ,ヘルスケア機器,ヘルスケア・テクノロジー
77920,コラントッテ,ヘルスケア・ディストリビュータ,ヘルスケア機器
78000,アミファ,販売,家庭用品
78070,幸和製作所,ヘルスケア用品,ヘルスケア機器
78080,シー・エス・ランバー,販売,林産品
78090,壽屋,販売,レジャー用品
78100,クロスフォー,貴金属・鉱物,アパレル・アクセサリー・贅沢品
78120,クレステック,事務サービス・用品,商業印刷
78130,プラッツ,ヘルスケア用品,専門消費者サービス
78190,粧美堂,パーソナルケア用品,衣料小売り
78320,バンダイナムコホールディングス,映画・娯楽,レジャー用品
78330,アイフィスジャパン,情報処理・外注サービス,出版
78360,アビックス,テクノロジー ハードウェア・コンピュータ記憶装置・周辺機器,インタラクティブ・メディアおよびサービス
78370,アールシーコア,住宅建設,専門消費者サービス
78390,ＳＨＯＥＩ,自動二輪車製造,自動車用部品・装置
78410,遠藤製作所,産業機械・用品・部品,自動車用部品・装置
78510,カワセコンピュータサプライ,商業印刷,情報処理・外注サービス
78590,アルメディオ,建設関連製品,建設資材
78630,平賀,商業印刷,広告
78670,タカラトミー,販売,レジャー用品
78710,フクビ化学工業,特殊化学品,建設資材
78770,永大化工,電子製品製造サービス,電子部品
78780,光・彩,金,アパレル・アクセサリー・贅沢品
78790,ノダ,林産品,建設関連製品
78850,タカノ,電子製品製造サービス,ヘルスケア機器
78880,三光合成,電子部品,金
78930,プロネクサス,アプリケーション・ソフトウェア,情報処理・外注サービス
79020,ソノコム,テクノロジー ハードウェア・コンピュータ記憶装置・周辺機器,電子部品
79080,きもと,電子部品,電子装置・機器
79110,ＴＯＰＰＡＮホールディングス,商業印刷,情報処理・外注サービス
79120,大日本印刷,出版,商業印刷
79140,共同印刷,商業印刷,出版
79170,ＺＡＣＲＯＳ,紙・プラスチック包装製品・材料,電子部品
79190,野崎印刷紙業,紙・プラスチック包装製品・材料,商業印刷
79270,ムトー精工,金,電子部品
79280,旭化学工業,電子部品,金属・ガラス・プラスチック容器
79320,ニッピ,パーソナルケア用品,ライフサイエンス・ツール/サービス
79510,ヤマハ,インタラクティブ・ホームエンターテイメント,電子装置・機器
79560,ピジョン,家庭用品,家庭用品・雑貨
79630,興研,航空宇宙・防衛,ヘルスケア用品
79650,象印マホービン,家庭用品・雑貨,家庭用電気機器
79660,リンテック,特殊化学品,半導体素材・装置
79700,信越ポリマー,電子部品,半導体素材・装置
79800,重松製作所,ヘルスケア用品,産業機械・用品・部品
79840,コクヨ,事務サービス・用品,家具・装飾
79860,日本アイ・エス・ケイ,事務サービス・用品,産業機械・用品・部品
79870,ナカバヤシ,商業印刷,情報処理・外注サービス
79880,ニフコ,金属・ガラス・プラスチック容器,特殊化学品
79890,立川ブラインド工業,家庭用品・雑貨,家具・装飾
79910,マミヤ・オーピー,電子製品製造サービス,電子装置・機器
80050,スクロール,販売,大規模小売り
80120,長瀬産業,基礎化学品,販売
80130,ナイガイ,繊維,販売
80140,蝶理,繊維,総合化学
80150,豊田通商,商社・流通業,販売
80160,オンワードホールディングス,衣料小売り,アパレル・アクセサリー・贅沢品
80220,美津濃,販売,レジャー用品
80370,カメイ,石油・ガス精製・販売,総合石油・ガス
80390,築地魚市場,商社・流通業,食品流通
80400,東京ソワール,衣料小売り,専門消費者サービス
80410,ＯＵＧホールディングス,商社・流通業,食品流通
80500,セイコーグループ,電子装置・機器,アパレル・アクセサリー・贅沢品
80510,山善,産業機械・用品・部品,商社・流通業
80520,椿本興業,商社・流通業,産業機械・用品・部品
80570,内田洋行,事務サービス・用品,情報技術コンサルティング・他のサービス
80580,三菱商事,商社・流通業,コングロマリット
80650,佐藤商事,商社・流通業,鉄鋼
80700,東京産業,重電機設備,商社・流通業
80750,神鋼商事,自動車用部品・装置,鉄鋼
80770,トルク,建設関連製品,商社・流通業
80810,カナデン,テクノロジー ディストリビュータ,通信機器
80840,ＲＹＯＤＥＮ,電子部品,電気部品・設備
80850,ナラサキ産業,電気部品・設備,コングロマリット
80860,ニプロ,ヘルスケア機器,医薬品
80880,岩谷産業,石油・ガス精製・販売,総合石油・ガス
80950,アステナホールディングス,医薬品,総合化学
80980,稲畑産業,基礎化学品,商社・流通業
81040,クワザワホールディングス,建設資材,建設関連製品
81130,ユニ・チャーム,パーソナルケア用品,家庭用品
81230,川辺,繊維,販売
81310,ミツウロコグループホールディングス,石油・ガス精製・販売,総合石油・ガス
81330,伊藤忠エネクス,石油・ガス精製・販売,販売
81360,サンリオ,販売,レジャー設備
81370,サンワテクノス,電気部品・設備,販売
81430,ラピーヌ,販売,衣料小売り
81440,デンキョーグループホールディングス,商社・流通業,販売
81500,三信電気,テクノロジー ディストリビュータ,半導体
81520,ソマール,特殊化学品,半導体
81540,加賀電子,テクノロジー ディストリビュータ,電子部品
81570,都築電気,システム・ソフトウェア,情報技術コンサルティング・他のサービス
81580,ソーダニッカ,商社・流通業,基礎化学品
81940,ライフコーポレーション,食品小売り,大規模小売り
82140,ＡＯＫＩホールディングス,衣料小売り,専門消費者サービス
82170,オークワ,食品小売り,生活必需品小売り
82250,タカチホ,販売,商社・流通業
82420,エイチ・ツー・オー　リテイリング,食品小売り,大規模小売り
82750,フォーバル,各種支援サービス,情報技術コンサルティング・他のサービス
82820,ケーズホールディングス,コンピュータ・電子機器小売り,大規模小売り
82850,三谷産業,商社・流通業,総合化学
83030,ＳＢＩ新生銀行,専門金融,各種金融サービス
83090,三井住友トラストグループ,資産運用会社・資産管理銀行,専門金融
83540,ふくおかフィナンシャルグループ,地方銀行,各種金融サービス
84100,セブン銀行,取引・決済処理サービス,専門金融
84210,信金中央金庫,各種金融サービス,総合資本市場
85840,ジャックス,消費者金融,専門金融
85850,オリエントコーポレーション,取引・決済処理サービス,各種金融サービス
85910,オリックス,専門金融,マルチセクター持株会社
86980,マネックスグループ,投資銀行・証券会社,マルチセクター持株会社
86990,ＨＳホールディングス,各種金融サービス,マルチセクター持株会社
87000,丸八証券,投資銀行・証券会社,資産運用会社・資産管理銀行
87150,アニコム　ホールディングス,各種金融サービス,動産保険・損害保険
87370,あかつき本社,投資銀行・証券会社,資産運用会社・資産管理銀行
87420,小林洋行,投資銀行・証券会社,各種金融サービス
87470,豊トラスティ証券,投資銀行・証券会社,専門金融
87690,アドバンテッジリスクマネジメント,各種支援サービス,総合保険
87830,ａｂｃ,各種金融サービス,マルチセクター持株会社
88020,三菱地所,不動産運営会社,各種不動産事業
88350,太平洋興発,販売,環境関連・ファシリティサービス
88440,コスモスイニシア,不動産運営会社,各種不動産事業
88500,スターツコーポレーション,不動産運営会社,各種不動産事業
88600,フジ住宅,不動産開発,各種不動産事業
88690,明和地所,不動産開発,各種不動産事業
88910,ＡＭＧホールディングス,不動産開発,各種不動産事業
88940,ＲＥＶＯＬＵＴＩＯＮ,不動産運営会社,各種不動産事業
88970,ＭＩＲＡＲＴＨホールディングス,不動産開発,各種不動産事業
89140,エリアリンク,不動産運営会社,各種不動産事業
89190,カチタス,各種不動産事業,不動産開発
89270,明豊エンタープライズ,不動産運営会社,不動産開発
89350,ＦＪネクストホールディングス,各種不動産事業,不動産運営会社
89380,グローム・ホールディングス,各種金融サービス,不動産サービス
89960,ハウスフリーダム,不動産開発,各種不動産事業
90090,京成電鉄,鉄道運輸,旅客陸上輸送
90100,富士急行,高速道路・鉄道路線,レジャー設備
90120,秩父鉄道,建設関連製品,鉄道運輸
90250,鴻池運輸,航空貨物・物流サービス,貨物陸上輸送
90280,ゼロ,貨物陸上輸送,コングロマリット
90330,広島電鉄,旅客陸上輸送,鉄道運輸
90460,神戸電鉄,鉄道運輸,旅客陸上輸送
90490,京福電気鉄道,旅客陸上輸送,鉄道運輸
90650,山九,航空貨物・物流サービス,港湾サービス
90680,丸全昭和運輸,各種支援サービス,航空貨物・物流サービス
90730,京極運輸商事,商社・流通業,貨物陸上輸送
90870,タカセ,貨物陸上輸送,航空貨物・物流サービス
90900,ＡＺ−ＣＯＭ丸和ホールディングス,航空貨物・物流サービス,貨物陸上輸送
91430,ＳＧホールディングス,貨物陸上輸送,航空貨物・物流サービス
91450,ビーイングホールディングス,航空貨物・物流サービス,貨物陸上輸送
91590,Ｗ　ＴＯＫＹＯ,広告,インタラクティブ・メディアおよびサービス
91630,ナレルグループ,人事・雇用サービス,情報技術コンサルティング・他のサービス
92190,ギックス,アプリケーション・ソフトウェア,情報処理・外注サービス
92200,エフビー介護サービス,ヘルスケア施設,専門消費者サービス
92250,ブリッジコンサルティンググループ,調査・コンサルティングサービス,人事・雇用サービス
92270,マイクロ波化学,半導体,繊維
92380,バリュークリエーション,インタラクティブ・メディアおよびサービス,広告
92450,リベロ,専門消費者サービス,各種支援サービス
92480,人・夢・技術グループ,建設・土木,調査・コンサルティングサービス
92540,ラバブルマーケティンググループ,広告,インタラクティブ・メディアおよびサービス
92620,シルバーライフ,食品流通,包装食品・肉
92680,オプティマスグループ,商社・流通業,各種支援サービス
92710,和心,販売,その他の専門小売り
92720,ブティックス,各種支援サービス,ヘルスケアサービス
92740,ＫＰＰグループホールディングス,商社・流通業,販売
93010,三菱倉庫,航空貨物・物流サービス,各種支援サービス
93020,三井倉庫ホールディングス,航空貨物・物流サービス,不動産運営会社
93030,住友倉庫,各種支援サービス,不動産運営会社
93050,ヤマタネ,食品流通,商社・流通業
93070,杉村倉庫,各種支援サービス,航空貨物・物流サービス
93120,ケイヒン,航空貨物・物流サービス,商社・流通業
93250,ファイズホールディングス,貨物陸上輸送,航空貨物・物流サービス
93260,関通ホールディングス,各種支援サービス,アプリケーション・ソフトウェア
93270,イー・ロジット,航空貨物・物流サービス,情報処理・外注サービス
93390,コーチ・エィ,調査・コンサルティングサービス,教育サービス
93400,アソインターナショナル,電子製品製造サービス,ヘルスケア機器
93420,スマサポ,総合電気通信サービス,不動産運営会社
93600,鈴与シンワート,情報処理・外注サービス,情報技術コンサルティング・他のサービス
93670,大東港運,航空貨物・物流サービス,商社・流通業
93690,キユーソー流通システム,貨物陸上輸送,食品流通
93760,ユーラシア旅行社,ホテル・リゾート・クルーズ船,専門消費者サービス
93990,ビート・ホールディングス・リミテッド（貝徳控股有限公司）,総合資本市場,資産運用会社・資産管理銀行
94010,ＴＢＳホールディングス,放送,映画・娯楽
94090,テレビ朝日ホールディングス,放送,映画・娯楽
94170,スマートバリュー,各種支援サービス,環境関連・ファシリティサービス
94180,Ｕ−ＮＥＸＴ　ＨＯＬＤＩＮＧＳ,映画・娯楽,インタラクティブ・メディアおよびサービス
94190,ワイヤレスゲート,総合電気通信サービス,無線通信サービス
94230,フォーバル・リアルストレート,建設関連製品,事務サービス・用品
94280,クロップス,販売,コンピュータ・電子機器小売り
94340,ソフトバンク,無線通信サービス,インターネットサービスおよびインフラストラクチャー
94345,ソフトバンク（優先株式）,無線通信サービス,インターネットサービスおよびインフラストラクチャー
94346,ソフトバンク（優先株式）,無線通信サービス,インターネットサービスおよびインフラストラクチャー
94350,光通信,総合電気通信サービス,販売
94440,トーシンホールディングス,レジャー設備,通信機器
94450,フォーバルテレコム,電力,独立系発電事業者・エネルギー販売業者
94460,サカイホールディングス,再生エネルギー系発電事業者,独立系発電事業者・エネルギー販売業者
94660,アイドママーケティングコミュニケーション,商社・流通業,調査・コンサルティングサービス
94740,ゼンリン,取引所およびデータ提供会社,自動車用部品・装置
95030,関西電力,電力,総合公益事業
95130,電源開発,電力,販売
95140,エフオン,独立系発電事業者・エネルギー販売業者,再生エネルギー系発電事業者
95310,東京瓦斯,ガス,総合公益事業
95320,大阪瓦斯,ガス,総合公益事業
95350,広島ガス,ガス,総合公益事業
95360,西部ガスホールディングス,ガス,総合公益事業
95520,クオンツ総研ホールディングス,マルチセクター持株会社,各種支援サービス
95530,マイクロアド,広告,調査・コンサルティングサービス
95570,エアークローゼット,衣料小売り,専門消費者サービス
95580,ジャパニアス,人事・雇用サービス,情報技術コンサルティング・他のサービス
95610,グラッドキューブ,インタラクティブ・メディアおよびサービス,インターネットサービスおよびインフラストラクチャー
95650,ＧＬＯＥ,映画・娯楽,インタラクティブ・ホームエンターテイメント
96120,ラックランド,建設関連製品,各種支援サービス
96190,イチネンホールディングス,専門金融,各種金融サービス
96210,建設技術研究所,建設・土木,調査・コンサルティングサービス
96270,アインホールディングス,薬品小売り,ヘルスケアサービス
96320,スバル興業,各種支援サービス,高速道路・鉄道路線
96360,きんえい,不動産運営会社,各種不動産事業
96610,歌舞伎座,レジャー設備,映画・娯楽
97090,ＮＣＳ＆Ａ,システム・ソフトウェア,情報技術コンサルティング・他のサービス
97130,ロイヤルホテル,不動産運営会社,ホテル・リゾート・クルーズ船
97160,乃村工藝社,家具・装飾,専門消費者サービス
97200,ホテル、ニューグランド,ホテル・リゾート・クルーズ船,コングロマリット
97310,白洋舎,各種支援サービス,環境関連・ファシリティサービス
97390,ＮＳＷ,半導体,情報技術コンサルティング・他のサービス
97400,セントラル警備保障,セキュリティ・警報装置サービス,情報技術コンサルティング・他のサービス
97610,東海リース,専門金融,各種金融サービス
97650,オオバ,建設・土木,調査・コンサルティングサービス
97820,ディーエムエス,広告,情報処理・外注サービス
97900,福井コンピュータホールディングス,アプリケーション・ソフトウェア,建設・土木
97990,旭情報サービス,情報技術コンサルティング・他のサービス,情報処理・外注サービス
98160,ストライダーズ,投資銀行・証券会社,資産運用会社・資産管理銀行
98240,泉州電業,販売,電気部品・設備
98270,リリカラ,建設関連製品,商社・流通業
98300,トラスコ中山,販売,産業機械・用品・部品
98310,ヤマダホールディングス,コンピュータ・電子機器小売り,大規模小売り
98460,天満屋ストア,食品小売り,生活必需品小売り
98490,共同紙販ホールディングス,商社・流通業,販売
98570,英和,電気部品・設備,情報技術コンサルティング・他のサービス
98780,セキド,大規模小売り,販売
98900,マキヤ,生活必需品小売り,大規模小売り
98950,コンセック,建設関連製品,産業機械・用品・部品
99020,日伝,商社・流通業,産業機械・用品・部品
99030,カンセキ,その他の専門小売り,生活必需品小売り
99040,ベリテ,その他の専門小売り,アパレル・アクセサリー・贅沢品
99060,藤井産業,電気部品・設備,商社・流通業
99080,日本電計,電子装置・機器,電気部品・設備
99140,植松商会,産業機械・用品・部品,商社・流通業
99300,北沢産業,商社・流通業,販売
99550,ヨンキュウ,食品流通,商社・流通業
99600,東テク,電気部品・設備,環境関連・ファシリティサービス
99720,アルテック,商社・流通業,産業機械・用品・部品
99790,大庄,レストラン,食品流通
99860,蔵王産業,商社・流通業,販売
99900,サックスバー　ホールディングス,衣料小売り,大規模小売り
99910,ジェコス,鉄鋼,建設資材
